timestamp , git_rev      , model      , gpu_gen, use_hbf, hbf_bandwidth_scale, architecture, hbm_gb, hbf_gb, hbm_bw_tbs, hbf_bw_tbs, shared_link, num_node, num_device, ne_tp_dg, context_parallel_degree, fp8_compute_doubling, cag_amortize_shared_compute, hbm_reserve_fraction, allreduce_hierarchical, attn_compute_efficiency, shared_kv_sparsity, attn_compute_ms, attn_memory_ms, context_window, input_len, output_len, requested_max_batch_size, final_max_batch_size, throughput_tps, per_device_power_w, total_power_w, throughput_per_power
1786936101, cc0e744-dirty, llama3_405B, B200   ,       1,                   1, cascaded    ,    192,   3072,          8,          8,           1,        4,          8,       32,                       4,                    1,                           0,                    0,                      0,                       1,                  1,         923.265,        33.3202,       10000000,      1000,       1000,                     8000,                 1588,        1487.29,               2280,         72960,            0.020385
1786936295, cc0e744-dirty, llama3_405B, B200   ,       1,                   1, hbf_only    ,     24,   2688,          1,          7,           0,        4,          8,       32,                       4,                    1,                           0,                    0,                      0,                       1,                  1,         110.466,        35.6359,       10000000,      1000,       1000,                     8000,                  190,        1404.73,               1840,         58880,            0.0238576
1786936490, cc0e744-dirty, llama3_405B, B200   ,       1,                   1, shared_base ,     24,   2688,          8,          7,           1,        4,          8,       32,                       4,                    1,                           0,                    0,                      0,                       1,                  1,         110.466,        24.6105,       10000000,      1000,       1000,                     8000,                  190,        1449.27,               1840,         58880,            0.024614
1786936684, cc0e744-dirty, llama3_405B, B200   ,       1,                   1, shared_base ,     48,   2304,          8,          6,           1,        4,          8,       32,                       4,                    1,                           0,                    0,                      0,                       1,                  1,         226.746,        30.1076,       10000000,      1000,       1000,                     8000,                  390,        1474.82,               1720,         55040,            0.0267954
1786936879, cc0e744-dirty, llama3_405B, B200   ,       1,                   1, shared_base ,     72,   1920,          8,          5,           1,        4,          8,       32,                       4,                    1,                           0,                    0,                      0,                       1,                  1,         343.027,        37.1405,       10000000,      1000,       1000,                     8000,                  590,        1480.4 ,               1600,         51200,            0.028914
1786937074, cc0e744-dirty, llama3_405B, B200   ,       1,                   1, shared_base ,     96,   1536,          8,          4,           1,        4,          8,       32,                       4,                    1,                           0,                    0,                      0,                       1,                  1,         459.307,        46.8609,       10000000,      1000,       1000,                     8000,                  790,        1483.17,               1480,         47360,            0.0313168
1786937268, cc0e744-dirty, llama3_405B, B200   ,       1,                   1, shared_base ,    120,   1152,          8,          3,           1,        4,          8,       32,                       4,                    1,                           0,                    0,                      0,                       1,                  1,         575.005,        61.9479,       10000000,      1000,       1000,                     8000,                  989,        1484.81,               1360,         43520,            0.034118
1786937463, cc0e744-dirty, llama3_405B, B200   ,       1,                   1, shared_base ,    144,    768,          8,          2,           1,        4,          8,       32,                       4,                    1,                           0,                    0,                      0,                       1,                  1,         691.286,        90.4804,       10000000,      1000,       1000,                     8000,                 1189,        1485.92,               1240,         39680,            0.0374475
1786937659, cc0e744-dirty, llama3_405B, B200   ,       1,                   1, shared_base ,    168,    384,          8,          1,           1,        4,          8,       32,                       4,                    1,                           0,                    0,                      0,                       1,                  1,         807.566,       172.762 ,       10000000,      1000,       1000,                     8000,                 1389,        1478.78,               1120,         35840,            0.0412606
1786937854, cc0e744-dirty, llama3_405B, B200   ,       1,                   1, side_by_side,     24,   2688,          1,          7,           0,        4,          8,       32,                       4,                    1,                           0,                    0,                      0,                       1,                  1,         110.466,        35.6359,       10000000,      1000,       1000,                     8000,                  190,        1404.73,               1840,         58880,            0.0238576
1786938050, cc0e744-dirty, llama3_405B, B200   ,       1,                   1, side_by_side,     48,   2304,          2,          6,           0,        4,          8,       32,                       4,                    1,                           0,                    0,                      0,                       1,                  1,         226.746,        39.8067,       10000000,      1000,       1000,                     8000,                  390,        1454.63,               1720,         55040,            0.0264285
1786938246, cc0e744-dirty, llama3_405B, B200   ,       1,                   1, side_by_side,     72,   1920,          3,          5,           0,        4,          8,       32,                       4,                    1,                           0,                    0,                      0,                       1,                  1,         343.027,        45.2922,       10000000,      1000,       1000,                     8000,                  590,        1469.57,               1600,         51200,            0.0287025
1786938444, cc0e744-dirty, llama3_405B, B200   ,       1,                   1, side_by_side,     96,   1536,          4,          4,           0,        4,          8,       32,                       4,                    1,                           0,                    0,                      0,                       1,                  1,         459.307,        53.4098,       10000000,      1000,       1000,                     8000,                  790,        1477.12,               1480,         47360,            0.0311892
1786938645, cc0e744-dirty, llama3_405B, B200   ,       1,                   1, side_by_side,    120,   1152,          5,          3,           0,        4,          8,       32,                       4,                    1,                           0,                    0,                      0,                       1,                  1,         575.005,        66.867 ,       10000000,      1000,       1000,                     8000,                  989,        1481.3 ,               1360,         43520,            0.0340373
1786938846, cc0e744-dirty, llama3_405B, B200   ,       1,                   1, side_by_side,    144,    768,          6,          2,           0,        4,          8,       32,                       4,                    1,                           0,                    0,                      0,                       1,                  1,         691.286,        93.766 ,       10000000,      1000,       1000,                     8000,                 1189,        1483.96,               1240,         39680,            0.0373982
1786939046, cc0e744-dirty, llama3_405B, B200   ,       1,                   1, side_by_side,    168,    384,          7,          1,           0,        4,          8,       32,                       4,                    1,                           0,                    0,                      0,                       1,                  1,         807.566,       174.407 ,       10000000,      1000,       1000,                     8000,                 1389,        1477.95,               1120,         35840,            0.0412375
