iter_info,split,type,time,latency,queueing_delay,arrival_time,seq_queue_size,input_len,output_len,num_sum_iter,mixed,batchsize,numtoken,num_sum_seq,num_gen_seq,seqlen,sum_attention_opb,qkvgen,q_down_proj,kv_down_proj,kr_proj,q_up_proj,qr_proj,kv_up_proj,tr_k_up_proj,v_up_proj,atten_sum,atten_gen,o_proj,ffn,expert_ffn,communication,rope,layernorm,residual,act_energy,read_energy,write_energy,all_act_energy,all_read_energy,all_write_energy,mac_energy,total_energy,fc_dram,fc_comp,attn_dram,attn_comp,moe_dram,moe_comp,OOM
1,0,t2t,66654140.735491,66654140.735491,0.000000,0.000000,0,0,0,0,0,8000,8000,0,8000,1010,0.000000,357913.941333,0.000000,0.000000,0.000000,0.000000,0.000000,0.000000,0.000000,0.000000,0.000000,49265675.946669,268435.456000,0.000000,9237566.783488,6737920.000000,0.000000,393314.304000,393314.304000,11866619473.919933,367281118955.520752,5025026958.335991,0.000000,0.000000,0.000000,322967095050.240173,707139860438.017090,2305567752.192202,20744692039.680595,362128456286.208130,17631159091.199623,19738741349.376366,284591243919.359070,0
1,0,t2t,133296648.571565,66642507.836074,0.000000,0.000000,0,0,0,0,0,8000,8000,0,8000,1011,0.000000,357913.941333,0.000000,0.000000,0.000000,0.000000,0.000000,0.000000,0.000000,0.000000,0.000000,49273869.141333,268435.456000,0.000000,9217740.689408,6737920.000000,0.000000,393314.304000,393314.304000,11868587218.943947,367339493283.840454,5025017834.495997,0.000000,0.000000,0.000000,322970028687.360962,707203127024.641357,2305567752.192202,20744692039.680595,362188755173.376099,17634092728.320229,19738775411.712204,284591243919.361755,0
1,0,t2t,199946156.527622,66649507.956057,0.000000,0.000000,0,0,0,0,0,8000,8000,0,8000,1012,0.000000,357913.941333,0.000000,0.000000,0.000000,0.000000,0.000000,0.000000,0.000000,0.000000,0.000000,49282062.336004,268435.456000,0.000000,9216547.614720,6737920.000000,0.000000,393314.304000,393314.304000,11870412549.119949,367397931479.040649,5025040644.095992,0.000000,0.000000,0.000000,322972962324.480469,707266346996.737549,2305567752.192202,20744692039.680595,362249054060.544067,17637026365.440048,19738762859.520252,284591243919.360046,0
1,0,t2t,266602454.061063,66656297.533441,0.000000,0.000000,0,0,0,0,0,8000,8000,0,8000,1013,0.000000,357913.941333,0.000000,0.000000,0.000000,0.000000,0.000000,0.000000,0.000000,0.000000,0.000000,49290255.530667,268435.456000,0.000000,9215143.997440,6737920.000000,0.000000,393314.304000,393314.304000,11871864622.079945,367456307632.128723,5025032432.639998,0.000000,0.000000,0.000000,322975895961.600647,707329100648.448853,2305567752.192202,20744692039.680595,362308876369.919434,17639960002.559952,19738760564.736557,284591243919.360352,0
1,0,t2t,333264979.724974,66662525.663912,0.000000,0.000000,0,0,0,0,0,8000,8000,0,8000,1014,0.000000,357913.941333,0.000000,0.000000,0.000000,0.000000,0.000000,0.000000,0.000000,0.000000,0.000000,49298448.725330,268435.456000,0.000000,9213178.933248,6737920.000000,0.000000,393314.304000,393314.304000,11873779310.591946,367514694733.824463,5025029695.488000,0.000000,0.000000,0.000000,322978829598.720520,707392333338.625610,2305567752.192202,20744692039.680595,362369175257.087463,17642893639.679771,19738760730.624462,284591243919.359436,0
1,0,t2t,399929733.210117,66664753.485142,0.000000,0.000000,0,0,0,0,0,8000,8000,0,8000,1015,0.000000,357913.941333,0.000000,0.000000,0.000000,0.000000,0.000000,0.000000,0.000000,0.000000,0.000000,49306641.920001,268435.456000,0.000000,9207213.559808,6737920.000000,0.000000,393314.304000,393314.304000,11875735885.823959,367573090959.360840,5025031520.255993,0.000000,0.000000,0.000000,322981763235.841492,707455621601.281494,2305567752.192202,20744692039.680595,362429474144.255371,17645827276.800377,19738816468.992409,284591243919.360535,0
1,0,t2t,466606434.566146,66676701.356030,0.000000,0.000000,0,0,0,0,0,8000,8000,0,8000,1016,0.000000,357913.941333,0.000000,0.000000,0.000000,0.000000,0.000000,0.000000,0.000000,0.000000,0.000000,49314835.114664,268435.456000,0.000000,9210968.236032,6737920.000000,0.000000,393314.304000,393314.304000,11877619857.407959,367631468937.216736,5025024221.183994,0.000000,0.000000,0.000000,322984696872.960815,707518809888.769775,2305567752.192202,20744692039.680595,362489773031.424011,17648760913.920204,19738772232.192463,284591243919.359802,0
1,0,t2t,533306242.550447,66699807.984300,0.000000,0.000000,0,0,0,0,0,8000,8000,0,8000,1017,0.000000,357913.941333,0.000000,0.000000,0.000000,0.000000,0.000000,0.000000,0.000000,0.000000,0.000000,49323028.309335,268435.456000,0.000000,9225881.669632,6737920.000000,0.000000,393314.304000,393314.304000,11879464734.719934,367689866987.520447,5025026958.335996,0.000000,0.000000,0.000000,322987630510.080261,707581989190.656128,2305567752.192202,20744692039.680595,362550071918.592041,17651694551.039490,19738719009.792454,284591243919.359192,0
1,0,t2t,600003892.051971,66697649.501524,0.000000,0.000000,0,0,0,0,0,8000,8000,0,8000,1018,0.000000,357913.941333,0.000000,0.000000,0.000000,0.000000,0.000000,0.000000,0.000000,0.000000,0.000000,49331221.503998,268435.456000,0.000000,9215529.992192,6737920.000000,0.000000,393314.304000,393314.304000,11881443649.535942,367748268687.360901,5025031520.256000,0.000000,0.000000,0.000000,322990564147.200867,707645308004.353516,2305567752.192202,20744692039.680595,362610370805.760010,17654628188.160133,19738805299.200443,284591243919.358398,0
