context,collective,reserve,hbm_batch,h3_batch,batch_ratio,hbm_total_ms,h3_total_ms,throughput_ratio,tput_per_watt_ratio
1M,-,0.05,589,1507,2.5586,353.14,734.05,1.2309,0.5399
1M,-,0.06,573,1491,2.6021,346.5,727.41,1.2395,0.5436
1M,-,0.07,557,1475,2.6481,339.86,720.77,1.2486,0.5477
1M,-,0.08,541,1459,2.6969,333.22,714.13,1.2584,0.5519
1M,-,0.0821,537,1456,2.7114,331.56,712.88,1.261,0.5531
1M,-,0.09,525,1443,2.7486,326.58,707.49,1.2688,0.5565
1M,-,0.12,477,1395,2.9245,306.66,687.57,1.3044,0.5721
10M,flat,0.0821,78,1457,18.6795,316.02,1640.11,3.5992,1.5786
10M,hier,0.0821,78,1457,18.6795,275.8,714.23,7.2131,3.1636
10M,flat,0.12,17,1397,82.1765,259.46,1581.96,13.4776,5.9112
10M,hier,0.12,17,1397,82.1765,258.42,694.61,30.5719,13.4087
